,date,id,center_x,center_y,a,b,angle,omega
0,0,0,52.55433817085183,14.001118051700733,0.43482255935668945,0.5927276611328125,3.0929229869072095,5.034068301987484e-06
1,0,1,55.163549438656624,15.768686957070212,1.08441162109375,0.953826904296875,0.2107318007383836,-3.4171918401486023e-06
2,0,2,56.34369171244254,13.272237794250143,0.19708251953125,0.23419189453125,2.5182678714972817,5.9785947275078385e-06
3,0,3,57.672729788829294,16.47943571771705,0.3874516487121582,0.89263916015625,-3.01191896490446,4.277536308362638e-06
4,0,4,58.74840969134736,19.19218305158848,0.127044677734375,0.468414306640625,2.622228965792331,5.9904685904482035e-06
5,0,5,59.43688368449486,14.44417450380391,0.71002197265625,0.49273681640625,-0.7142371955394157,3.0079359735833346e-06
6,0,6,60.42148492929998,21.283533234253564,0.2254486083984375,0.49249267578125,2.5676556294591126,4.984382658862333e-06
7,1,0,52.48331140087957,14.011158342634218,0.38158416748046875,0.5390663146972656,-3.0840715348252217,5.007711833012893e-06
8,1,1,55.18146219897195,15.675505847732293,1.089508056640625,0.940277099609375,0.4626691132700229,-3.5349801342627998e-06
9,1,2,56.29423885897721,13.300951390533815,0.207122802734375,0.22264862060546875,2.5082379544772113,6.052187775126602e-06
10,1,3,57.59918620260127,16.483155959743364,0.39947509765625,0.852294921875,-3.002424736853594,4.548327159643581e-06
11,1,4,58.700515286093896,19.13624316908061,0.1441498100757599,0.5284442901611328,2.637320640308373,5.697344649807771e-06
12,1,5,59.39245144871511,14.473287829086333,0.7249679565429688,0.5767974853515625,-0.5835230017475092,2.9314522742446605e-06
13,1,6,60.407417517350424,21.356805494950862,0.2827186584472656,0.53680419921875,2.5728815369943416,4.734673840776531e-06
14,2,0,52.4396977284585,13.885818909169403,0.36346435546875,0.53875732421875,-2.7918150266453448,4.7509827108490125e-06
15,2,1,55.01425005807084,15.654523230430966,1.200836420059204,0.972381591796875,0.22989292249478346,-3.504202147909227e-06
16,2,2,56.2751599050936,13.264142577196223,0.22100830078125,0.2296142578125,2.7512756928711566,5.489363682054133e-06
17,2,3,57.57374086947754,16.430017784986326,0.41643524169921875,0.88165283203125,-3.0229410320899106,4.463864040261108e-06
18,2,4,58.81032646614458,19.34387806687067,0.19350814819335938,0.69036865234375,2.618510910779893,4.681130997916105e-06
19,2,5,59.36731798830487,14.524306891731822,0.72576904296875,0.55511474609375,-0.6887888476660107,2.9892511249828433e-06
20,2,6,60.479770688801324,21.495992193793416,0.3104400634765625,0.5465087890625,2.564715389599992,4.800707562040031e-06
21,3,0,52.30734214822541,13.947583548767726,0.265533447265625,0.3307991027832031,-3.1392006361554103,6.127913783348772e-06
22,3,1,54.85268587422053,15.676221957708153,1.2365264892578125,1.01434326171875,0.1799904595558539,-3.4925311758625253e-06
23,3,2,56.231589737613135,13.239768073620546,0.245697021484375,0.20928955078125,-0.19347540822191367,4.7912082317122445e-06
24,3,3,57.557395166888604,16.278503823530617,0.3377532958984375,0.81768798828125,-3.016028967786023,4.064523516817464e-06
25,3,4,58.83673469368596,19.363706389607714,0.1806621551513672,0.7084808349609375,2.624212372212169,3.719869971622171e-06
26,3,5,59.400211681401906,14.429654508713776,0.7310638427734375,0.5487213134765625,-0.6143042626923533,2.8015817456035586e-06
27,3,6,60.45061313827773,21.413422693527497,0.30633544921875,0.5949249267578125,2.569410842842408,4.6021456341105925e-06
28,4,0,52.18810788415836,13.907722274668972,0.158599853515625,0.1975250244140625,-2.973176045496201,7.241934119777647e-06
29,4,1,54.830497088823144,15.714573632059201,1.314300537109375,1.0594711303710938,0.26369276303114403,-3.223479104649086e-06
30,4,2,56.093711593895435,13.258823062280943,0.34746551513671875,0.22293472290039062,0.17279080938862715,4.6415636179103125e-06
31,4,3,57.50631177558031,16.167383893762466,0.362060546875,0.89227294921875,-2.9998996471995025,3.7233651514444235e-06
32,4,4,58.887082901424805,19.483651266288515,0.18077850341796875,0.71197509765625,2.608743057984354,4.3125221686558734e-06
33,4,5,59.276785408509646,14.540915337269729,0.74041748046875,0.526397705078125,-0.6698294756856057,2.836949526365584e-06
34,4,6,60.446576585964465,21.559195536079834,0.2653045654296875,0.4628448486328125,2.6300570889338792,4.8400563855472e-06
35,5,0,52.19003197344252,13.879129316395076,0.176116943359375,0.22240829467773438,-3.0161511459309485,7.468737780684148e-06
36,5,1,54.709800677399365,15.641341404554664,1.333831787109375,1.0430908203125,0.2679157408126494,-3.2306555116438292e-06
37,5,2,56.11083116601742,13.264658372868688,0.410186767578125,0.26804351806640625,0.19266546007890706,4.896102802295222e-06
38,5,3,57.48228377193097,15.982475325801099,0.3321533203125,0.84637451171875,-2.9661411333759755,3.564457649128358e-06
39,5,4,58.64208687838112,19.08966885602639,0.1392822265625,0.5343036651611328,2.673151391098634,3.758101811928429e-06
40,5,5,59.21212646443445,14.54563331949484,0.72882080078125,0.4981269836425781,-0.5764438044831534,2.9070717233570266e-06
41,5,6,60.43729782018526,21.586992199343275,0.2493896484375,0.4401092529296875,2.654427127913592,4.37780161877426e-06
42,6,1,54.6663707234084,15.66180280608678,1.35760498046875,1.04583740234375,0.24845544570173048,-3.1748110233407228e-06
43,6,2,56.06705871246402,13.289017576277857,0.4434051513671875,0.25628662109375,0.2850906281049269,5.203662703607933e-06
44,6,3,57.486757240810554,15.831920117951245,0.34381103515625,0.8468475341796875,-2.935240179093779,4.030623914239226e-06
45,6,4,58.62157952539266,19.08179390216502,0.1377716064453125,0.69757080078125,2.664676018629022,3.2076816219662257e-06
46,6,5,59.17869381631137,14.627093697659506,0.719818115234375,0.484893798828125,-0.6298285674230617,2.9122112589252575e-06
47,6,6,60.409813768953576,21.64449220504796,0.4061880111694336,0.563568115234375,2.7404495552893526,3.6964235981758467e-06
48,7,1,54.5902753114453,15.667995421783248,1.32464599609375,0.998504638671875,0.24440569703906365,-3.2793777338035106e-06
49,7,2,56.00169349659369,13.243200281712253,0.33721923828125,0.2059326171875,0.3314803079351223,5.553055452257564e-06
50,7,3,57.514595951186884,15.430701288661995,0.2958984375,0.66143798828125,-2.9823228613199166,5.0907275096499885e-06
51,7,4,58.93301078194003,19.607190625039138,0.1692962646484375,0.8340530395507812,2.552793798790749,4.511492490106461e-06
52,7,5,59.24120087864431,14.466574917014446,0.567901611328125,0.3090362548828125,-0.6177588721136033,3.302534088783163e-06
53,7,6,60.4475697859167,21.63430140110077,0.4449462890625,0.586151123046875,2.6111673971466867,3.627519986130195e-06
54,8,1,54.40641797540632,15.671389145018203,1.2622222900390625,0.9427223205566406,0.1160416037042921,-3.319862351502993e-06
55,8,2,55.939142725281535,13.250428309395472,0.3196868896484375,0.19842529296875,0.3491381231441199,5.589563154004392e-06
56,8,3,57.536029291571175,15.296347287233376,0.2659304141998291,0.522979736328125,-3.0227221471928085,6.490532384322748e-06
57,8,4,58.86597829297326,19.514938480835706,0.11890411376953125,0.6680984497070312,2.5897054746377948,5.2692514217389155e-06
58,8,5,59.23185894228111,14.429798470540236,0.5334625244140625,0.2550811767578125,-0.6703429899934339,3.4429032669827017e-06
59,8,6,60.41329926363291,21.63747062005197,0.316375732421875,0.454376220703125,2.661955473615862,3.7170603902435195e-06
60,9,1,54.33950621352706,15.586941669535316,1.322113037109375,0.9792366027832031,0.17846282255766763,-3.2266870410359564e-06
61,9,2,55.920763816387655,13.280825236040716,0.348175048828125,0.20904541015625,0.36708951848757426,5.625041757714445e-06
62,9,3,57.515000947673705,15.325757502836652,0.33057403564453125,0.6287765502929688,-2.925624128157532,5.727036588811964e-06
63,9,4,58.80090830978894,19.399697011155858,0.16268157958984375,0.81671142578125,2.592581894033239,4.770877270304457e-06
64,9,5,59.27750135307821,14.486761361617495,0.67852783203125,0.21106719970703125,-0.676170384789451,3.6292518589691304e-06
65,9,6,60.394518455224045,21.691163238605714,0.2702789306640625,0.3818206787109375,2.6178946255007522,3.548508755177369e-06
66,10,1,54.21915774209656,15.61106611599029,1.2944297790527344,0.95831298828125,0.18479665401645165,-3.2533930298448477e-06
67,10,2,55.89867027856815,13.280138757090185,0.305419921875,0.171173095703125,0.43454862481416123,5.43622997176373e-06
68,10,3,57.5207855760854,15.085024100346851,0.35162353515625,0.4931488037109375,-3.007172818180284,6.554325771523909e-06
69,10,4,58.62874130884599,19.121283082059993,0.13167572021484375,0.68377685546875,2.6734742403537037,3.3819905030615055e-06
70,10,5,59.3228353985053,14.499170359790575,0.4322357177734375,0.1840057373046875,-0.711863212391449,3.62921452823254e-06
71,10,6,60.470773668525176,21.73502150833687,0.18719482421875,0.2032012939453125,3.139884801822461,2.946234920309415e-06
72,11,1,54.18933913159229,15.585901066528448,1.24493408203125,0.93109130859375,0.22049434929725428,-3.2213457874372314e-06
73,11,2,55.68323587784159,13.192305497954058,0.175811767578125,0.09593772888183594,0.6363656470490322,5.192297690954462e-06
74,11,3,57.45984023399506,14.919353062262513,0.3553314208984375,0.463623046875,2.963340178168631,7.226618256853641e-06
75,11,4,58.648144613869235,19.198723175007977,0.12083053588867188,0.58087158203125,2.7297918576144076,4.211605324887623e-06
76,11,5,59.41548426572586,14.369752397813913,0.1575946807861328,0.264617919921875,-2.478618430320647,4.00003796256756e-06
77,11,9,60.512978626902125,19.833277399227,0.592498779296875,0.31024169921875,0.7130003839367202,-3.0507607622922406e-06
78,12,1,54.190947288961084,15.576381098388838,1.3358306884765625,0.9944324493408203,0.2551839789607943,-3.2251632049634987e-06
79,12,3,57.434451099182084,14.865422083995288,0.441375732421875,0.5042877197265625,3.0262140887372286,6.559794294006699e-06
80,12,4,58.59048091238824,19.11228921691792,0.15877532958984375,0.71710205078125,2.7148140951563975,4.223543058301091e-06
81,12,5,59.422297394548835,14.414142950423063,0.136962890625,0.283233642578125,-2.524984918608986,3.5729322894851197e-06
82,12,6,60.37322683216273,21.600027424058474,0.5907630920410156,0.4381980895996094,0.7580444539521642,2.7544564284196413e-06
83,13,1,54.14582970411553,15.523513610894833,1.29559326171875,0.9570503234863281,0.29653633584759087,-3.3015044704876826e-06
84,13,3,57.37417009597646,14.823155260737318,0.3592376708984375,0.55279541015625,2.7704869259546094,6.766203080966976e-06
85,13,4,58.58774742266238,19.121224308746683,0.15023040771484375,0.5925445556640625,2.7655506077475698,5.01212550055754e-06
86,13,5,59.42297272896906,14.46748409067485,0.11462593078613281,0.30164337158203125,-2.5216404280495284,3.476831745072935e-06
87,13,6,60.28130385458257,21.57795251554043,0.41192626953125,0.56842041015625,2.4517708477383433,2.850611116758514e-06
88,13,9,60.632711414880404,19.88414864663102,0.556060791015625,0.3659367561340332,0.5560467725232336,-3.2956340137998726e-06
89,13,11,57.814245038549416,18.006568795879044,0.37268829345703125,0.1925048828125,0.5135439456293899,3.886123379618814e-06
90,14,1,54.093989396873425,15.461555261397885,1.3736572265625,0.9859771728515625,0.24737687945443132,-3.225410702915445e-06
91,14,3,57.3090503876944,14.825956243593087,0.51873779296875,0.73638916015625,2.9899017255093634,5.5449486977844076e-06
92,14,4,58.54440379063738,19.086833563067287,0.2055206298828125,0.717529296875,2.7258000513742346,5.015702535242327e-06
93,14,6,60.33136175731116,21.735009802177153,0.42303466796875,0.6267242431640625,2.550541174199418,3.116213240306767e-06
94,14,9,60.68560789591684,19.857184721902524,0.561492919921875,0.4452800750732422,0.4485619676385842,-3.2828545849411272e-06
95,14,11,57.799383809810976,17.980994744765695,0.2985687255859375,0.205718994140625,0.5067767732390193,5.866922840319088e-06
96,15,1,53.98372646249334,15.46144713686144,1.329803466796875,0.9367141723632812,0.31755337536038286,-3.272893572466106e-06
97,15,3,57.26702558140499,14.663100937915557,0.51397705078125,0.7206268310546875,2.7295755110427082,5.042945693842096e-06
98,15,4,58.697933569768146,19.40006209948077,0.1922607421875,0.66522216796875,2.747992786132877,4.9981523538108106e-06
99,15,6,60.45787158117073,21.769437092466575,0.5706710815429688,0.8892860412597656,2.366292293168334,2.817280925953216e-06
100,15,9,60.50908388282507,19.82818352666621,0.35528564453125,0.33084869384765625,0.513402399298333,-3.0845004378855794e-06
101,15,11,57.86291603494791,18.010845442998782,0.231536865234375,0.2502593994140625,0.6139671304709896,5.664378189860756e-06
102,15,13,60.144062761741196,17.47134768775301,0.143768310546875,0.20556640625,-2.6046198984043234,4.4950498312102626e-06
103,16,1,53.910952382353194,15.44259547769115,1.3341064453125,0.942230224609375,0.31873420823381055,-3.2533961525161294e-06
104,16,3,57.25795392386803,14.582438926520132,0.561187744140625,0.7503509521484375,2.715441544818758,4.84621213556645e-06
105,16,4,58.69200568370782,19.347740260362272,0.2166919708251953,0.7188644409179688,2.7801710415961067,4.923872049949022e-06
106,16,6,60.32249702252696,21.62239626290552,0.4626731872558594,0.8188323974609375,2.5116313154735015,3.482468707982217e-06
107,16,9,60.61199332490744,19.845621776974962,0.385101318359375,0.466094970703125,0.5424543102161663,-3.3558049271032824e-06
108,16,11,57.78901251092365,17.959880286066042,0.26937103271484375,0.321868896484375,0.6467377960202677,6.863137452948154e-06
109,16,13,60.12008087795462,17.438176850968116,0.11895751953125,0.17132568359375,-2.654139269986769,5.220153785279131e-06
110,17,1,53.9742424977557,15.497505137958294,1.304901123046875,0.9204864501953125,0.3335102444009526,-3.213107901792939e-06
111,17,3,57.19227774946948,14.727681806978032,0.4041786193847656,0.6525793075561523,2.658214998435966,5.639735406657873e-06
112,17,4,58.67155555604035,19.33572382560616,0.2350025177001953,0.6605072021484375,2.829504105628777,5.225984357072063e-06
113,17,6,60.36076597006861,21.756899464491873,0.53240966796875,0.7970428466796875,2.6556849109552148,2.970865974664027e-06
114,17,9,60.68403174165507,19.892780371244108,0.38225555419921875,0.2708745002746582,0.39984823218715065,-3.858831203011593e-06
115,17,11,57.730888222679695,17.936851740261506,0.257720947265625,0.28656005859375,0.6975889810664411,7.533646276697024e-06
116,17,13,60.09050568718196,17.390238299807187,0.13262939453125,0.197967529296875,-2.6809661706766255,5.646662628123291e-06
117,18,1,53.84853148126542,15.463716051182525,1.2957916259765625,0.9593048095703125,0.3508767000172916,-3.2775112745035073e-06
118,18,3,57.1170685159135,14.595002320993023,0.47332000732421875,0.74969482421875,2.539393443652631,4.671020710330718e-06
119,18,4,58.57151868545593,19.11143472328075,0.222930908203125,0.441375732421875,2.978983516358466,6.904203631957117e-06
120,18,6,60.27225226291941,21.523598011944518,0.3883209228515625,0.68756103515625,2.6042618567349907,3.6899886270605203e-06
121,18,9,60.68329845589937,19.913158839031237,0.63165283203125,0.512420654296875,0.5271470669747044,-3.822886678625879e-06
122,18,11,57.58794563158191,17.82246173957003,0.3421640396118164,0.1337738037109375,0.5710546616184435,8.354098656180542e-06
123,18,13,60.07053900471354,17.321963585836862,0.1328134536743164,0.205841064453125,-2.7705213126366863,5.856047706346351e-06
124,18,15,60.17444249345659,13.670579899383155,0.30633544921875,0.133087158203125,-0.7164413365954454,3.1866699384733588e-06
125,19,1,53.851411436048274,15.412358702313558,1.320068359375,0.9622573852539062,0.29847615404737105,-3.284551003225734e-06
126,19,3,57.07331730646994,14.734991135796054,0.62646484375,0.756927490234375,2.79863939366535,4.907621983880744e-06
127,19,4,58.5576707368586,19.060512485329557,0.251708984375,0.41339111328125,3.048304040252475,6.867451072315174e-06
128,19,6,60.286321752258,21.557556331020923,0.490325927734375,0.73333740234375,2.6161403899252766,3.4620585428896946e-06
129,19,9,60.56991337685048,19.87318187752573,0.6034278869628906,0.5090484619140625,0.6029505742718416,-3.7936357498195107e-06
130,19,11,57.53568739783413,17.801950626968313,0.29461669921875,0.10953521728515625,0.6277473486737702,7.905427342034477e-06
131,19,13,60.088818541076655,17.274367395563285,0.1542205810546875,0.22821044921875,-2.6860256578632646,5.684150650177994e-06
132,19,15,60.20121584910443,13.748015527958435,0.31512451171875,0.1427021026611328,-0.6818512642719401,2.988842993854639e-06
133,20,1,53.570771786825695,15.44624846008606,1.31439208984375,0.9380340576171875,0.40373083248301034,-3.510383777125225e-06
134,20,3,57.30567173386334,14.570951190085784,0.82794189453125,0.72540283203125,0.1590395839600219,4.1135212688067135e-06
135,20,4,58.68491470714917,19.441106280107412,0.22167205810546875,0.59112548828125,2.848538191483804,4.0921364239739115e-06
136,20,6,60.5255820789987,21.821516405203162,0.71563720703125,0.94293212890625,2.936976626693207,2.8878649045997045e-06
137,20,9,60.52378512570291,19.78695837197644,0.6745452880859375,0.46562957763671875,0.718069693513269,-3.7868624551463054e-06
138,20,11,57.514521711449355,17.83763112390086,0.4083404541015625,0.2103271484375,0.7778603608768798,6.055606577034132e-06
139,20,13,60.131077357257986,17.249736391481154,0.11199951171875,0.17877197265625,-2.7087850261134006,6.066388196469792e-06
140,20,15,60.580936776158474,13.600951125342213,0.4416351318359375,0.34368896484375,-0.6914943023971067,3.089005359992404e-06
141,21,1,53.45715870224482,15.415960085202055,1.18975830078125,0.836944580078125,0.4568338659597575,-3.766062401814434e-06
142,21,3,57.22600282214395,14.62984811957187,0.812408447265625,0.6810302734375,0.54056159936974,4.335589605402932e-06
143,21,4,58.66052552918381,19.15776565000436,0.378662109375,0.7740478515625,2.8572935011706266,4.607386198393132e-06
144,21,6,60.49597156027012,21.376600893105376,0.48284912109375,0.32037353515625,0.6714880788389173,3.3326329851247504e-06
145,21,9,60.442104361426985,19.9983565283481,0.52545166015625,0.4932098388671875,-0.18585725966257113,-3.823997551479271e-06
146,21,11,57.506165942377216,17.788719243385465,0.12511825561523438,0.29372406005859375,2.3772116615604237,4.877725306284339e-06
147,21,15,60.3930318016415,13.742942851310485,0.435394287109375,0.3155517578125,-0.549557343260737,3.0245001557145e-06
148,22,1,53.62116776991314,15.5622259499337,1.291595458984375,0.8751220703125,0.46196409837612373,-3.565234225336122e-06
149,22,3,56.79031798731605,14.501570730240422,0.78564453125,0.568817138671875,0.6146739660105254,3.8113663052542714e-06
150,22,4,58.60760595690443,19.120902064225966,0.31390380859375,0.661041259765625,2.79350389739768,5.5491576012914666e-06
151,22,6,60.50837250045495,21.55308683002304,0.49909210205078125,0.6919097900390625,2.586128252574267,2.992659658537238e-06
152,22,9,60.522175853495895,19.902530059602007,0.58380126953125,0.6468505859375,2.392421918671909,-3.931890316565212e-06
153,22,13,60.07845404492254,17.120436818662057,0.16698837280273438,0.271270751953125,-2.93661763996375,4.863607230012638e-06
154,22,15,60.44380089082515,13.667346630787101,0.48204803466796875,0.3612060546875,-0.6459040774830958,3.127397382291549e-06
155,23,1,53.568114585708386,15.401399458912756,1.25201416015625,1.0068588256835938,0.29333798242855874,-3.686839436112394e-06
156,23,3,57.26614007129161,14.753769260189681,0.839996337890625,0.7082595825195312,-0.008121943617043534,4.3343669304095265e-06
157,23,4,58.6294932071722,19.128099378845324,0.312225341796875,0.64410400390625,2.86739949233463,4.928358149524618e-06
158,23,6,60.488694046132856,21.808834607371637,0.49346923828125,0.7618942260742188,3.0421917379031465,2.8545027400959592e-06
159,23,9,60.45139519842237,19.849058063739793,0.5462646484375,0.681793212890625,2.430158903920461,-3.836972302110804e-06
160,23,11,58.350459740691726,17.863473428508353,0.3276214599609375,0.2186603546142578,0.40098316836036235,-4.4728179514975634e-06
161,23,13,60.15132760686937,17.110571836887914,0.15210342407226562,0.21820068359375,-2.7622025668634955,5.084325510248022e-06
162,23,15,60.38933570188888,13.837396395275015,0.3403949737548828,0.2376861572265625,-0.3552340065788508,3.0160001223833974e-06
163,24,1,53.54354394727337,15.48529220818802,1.274993896484375,0.905242919921875,0.41664995961199136,-3.811423794028788e-06
164,24,3,56.778496619700064,14.638370340157875,0.80535888671875,0.5747299194335938,0.6084700031350596,4.428266943988419e-06
165,24,4,58.690218505950575,19.317260952138234,0.22637939453125,0.7926025390625,2.7172410148278234,3.5210096616755224e-06
166,24,6,60.50112187833033,21.803341893918052,0.462310791015625,0.70684814453125,3.121880288642145,2.907251635443852e-06
167,24,9,60.582740393976756,19.882107676392224,0.345794677734375,0.4562225341796875,2.8672079282956586,-4.677765666681818e-06
168,24,11,58.341171899946964,17.77503082995754,0.32489013671875,0.34326171875,0.7221972255049806,-3.529451489177607e-06
169,24,13,60.149046271362806,17.163391657747844,0.222442626953125,0.2757558822631836,-2.650528980758618,4.9090119263599214e-06
170,24,15,60.580692738502385,13.617942435705752,0.3759613037109375,0.41092681884765625,-2.545219836361858,3.184022379786157e-06
171,25,1,53.455506052331344,15.375010562297112,1.1922588348388672,0.94171142578125,0.3861691804723472,-4.0661810176343415e-06
172,25,3,56.94384673194249,14.647811227886708,1.0205078125,0.691253662109375,0.3305609691950619,3.833563871622211e-06
173,25,4,58.908905682911,19.886879305015317,0.110076904296875,0.405303955078125,2.438975224113719,4.077732034440668e-06
174,25,6,60.51789294304375,21.69662613258042,0.52557373046875,0.705810546875,3.0947938308294596,3.046679399561328e-06
175,25,9,60.62979561673991,19.92686668249172,0.33458709716796875,0.4923095703125,2.872972753494639,-4.88399099308933e-06
176,25,11,58.374464295801666,17.93348926128932,0.3117828369140625,0.17987823486328125,0.21404173795820536,-4.300631474759574e-06
177,25,13,60.09036598457121,17.07209495376288,0.2138051986694336,0.3034687042236328,-3.0136591261106944,4.207477379659697e-06
178,25,15,60.39717643815681,13.825447012414628,0.3824920654296875,0.33687591552734375,-0.011472620228462382,2.997523153570439e-06
179,26,1,53.40386717267154,15.3091939171082,1.09906005859375,0.7972183227539062,0.2989669345036505,-4.775725702720398e-06
180,26,3,56.69191005070872,14.73952355575735,0.933929443359375,0.48974609375,0.6406718407150994,4.782558145611584e-06
181,26,4,58.92035257351895,19.841043345063717,0.172760009765625,0.5323257446289062,2.431250106951194,4.524965605649431e-06
182,26,6,60.468746401996924,21.876091131220704,0.34552001953125,0.5867843627929688,-2.953701101037075,3.0454223760497767e-06
183,26,9,60.62073956665615,19.878561599140387,0.3603520393371582,0.55670166015625,2.765965531998105,-4.512757470435555e-06
184,26,11,58.28789109876908,17.84630587241402,0.3555145263671875,0.2150115966796875,0.7191992168499645,-3.5732668981876484e-06
185,26,13,60.092512444113964,17.08214409803531,0.32196044921875,0.3587799072265625,-3.0195277606335305,3.667167843101501e-06
186,26,15,60.40336951538079,13.73198067095681,0.45526123046875,0.3897533416748047,0.1469658396547909,3.002314726471287e-06
187,27,1,53.224987226914315,15.17019163528118,1.015838623046875,0.8204498291015625,0.34258261094184894,-4.767095488820095e-06
188,27,3,56.72926818736284,14.75208157113242,0.97943115234375,0.6442108154296875,0.5897128334978892,4.05063658072151e-06
189,27,4,58.97879530789818,19.911629235080238,0.20172119140625,0.5363311767578125,2.4396065731863397,4.692597745439304e-06
190,27,6,60.38456944528765,22.036392004886945,0.190826416015625,0.407806396484375,-2.9269106428645744,2.9559350263389285e-06
191,27,9,60.625866535631395,19.757409258244646,0.3065643310546875,0.55780029296875,2.733356704497299,-4.255052020214094e-06
192,27,11,58.326875463667015,17.944717919533336,0.237945556640625,0.1727752685546875,0.3516955998567623,-3.917980133889255e-06
193,27,13,60.08484785370582,17.236751272245485,0.2260761260986328,0.267852783203125,-2.929442173739021,4.526406547033179e-06
194,27,15,60.461257450063904,13.883787033229334,0.46600341796875,0.40035247802734375,0.3453364088431362,3.144381081073343e-06
195,28,1,53.32334614795996,15.27392016064143,1.0928955078125,0.8492584228515625,0.23539704476106285,-5.048628232505038e-06
196,28,3,56.619069084051624,14.656683091962472,0.98626708984375,0.45931243896484375,0.659915011640421,4.541220719835514e-06
197,28,4,59.016873327635366,19.98469886741741,0.24805450439453125,0.4931488037109375,2.4162647992481534,4.571271002917446e-06
198,28,6,60.551679043691855,21.812227914901957,0.543731689453125,0.7564544677734375,-2.7711375579407838,3.537252106478879e-06
199,28,9,60.628891173717264,19.816589353765682,0.30755615234375,0.5626373291015625,2.6525380119778226,-4.552273456818099e-06
200,28,11,58.21291668204664,18.01669563074563,0.321807861328125,0.16332054138183594,0.4571430408172347,-4.030260154110741e-06
201,28,13,60.09347914303509,17.119035277189102,0.28216552734375,0.353668212890625,-3.1353085183274865,3.6432966183385656e-06
202,28,15,60.40990440322745,13.735615942460157,0.46202850341796875,0.36637115478515625,0.6781229603915369,2.9153107392023756e-06
203,29,1,53.27590226693313,15.37733518425941,0.9852447509765625,0.798248291015625,0.32266860091780375,-5.783346022714349e-06
204,29,3,56.73693854257368,14.664266020851441,0.30103302001953125,0.4894256591796875,2.5314592509018605,4.76681047218739e-06
205,29,4,58.87825438176022,19.710769108001923,0.571624755859375,0.27516937255859375,0.5962450214079299,5.67551081890593e-06
206,29,6,60.56055318362216,21.614090180055626,0.5373382568359375,0.68878173828125,-2.652211690014916,3.595068112481768e-06
207,29,9,60.67039504513635,20.1476737164295,0.45050048828125,0.612213134765625,2.5566423319466822,-4.4387109752245875e-06
208,29,13,60.06997251948872,17.046762890545665,0.2282562255859375,0.30713653564453125,2.539730210869276,3.4031035785625135e-06
209,29,15,60.48592688654346,13.825298596142982,0.46661376953125,0.35350608825683594,0.6904725354912831,3.0458744409533406e-06
210,29,21,59.35072540498936,18.830996164518666,0.6906089782714844,0.300811767578125,0.6714901806363702,-3.4573618385696525e-06
211,30,1,53.214649484015155,15.369334974385438,0.972564697265625,0.8207778930664062,0.28728835256152546,-5.5469375294278485e-06
212,30,3,56.637742490818695,14.610418845038966,0.71893310546875,0.35175323486328125,0.7737733622668466,4.396005366635276e-06
213,30,4,59.017789788133285,19.733567003973373,0.65167236328125,0.3516731262207031,0.6391951391703945,6.071893730497414e-06
214,30,6,60.608835399531536,21.60223001048021,0.632720947265625,0.4966392517089844,-0.7336641601445621,3.668582822133454e-06
215,30,9,60.65230802032228,20.12200802684165,0.3934326171875,0.54119873046875,2.545706730076549,-4.4891806263342044e-06
216,30,13,60.18216042571826,17.075701652023024,0.2394561767578125,0.31134033203125,3.0762973183665308,3.2830360646047783e-06
217,30,15,60.48764834094501,13.723207482988117,0.2923583984375,0.42913818359375,2.44282532966651,2.748299967469419e-06
218,30,21,59.100393196882635,18.68470610471527,0.7640371322631836,0.3928184509277344,0.47390147693396,-3.4491866296995146e-06
219,31,1,53.14916258720412,15.327999206968409,0.9580078125,0.8224639892578125,0.30542711134702993,-5.422601173473372e-06
220,31,3,56.72067233280351,14.691050835150987,0.35571277141571045,0.5962677001953125,2.513326900641111,4.680446286282329e-06
221,31,4,58.997759575898286,19.73898781015545,0.7140960693359375,0.36084747314453125,0.6695292147505569,5.9392783647070005e-06
222,31,6,60.62588666240159,21.619559758328474,0.642547607421875,0.48577880859375,-0.575767614049558,3.564073398968633e-06
223,31,9,60.634440054273945,20.0652848124639,0.365264892578125,0.5237274169921875,2.491217631991645,-4.571898671209371e-06
224,31,15,60.508880455405155,13.819089239041977,0.38632965087890625,0.284637451171875,0.7259563436373737,2.8238091541177235e-06
225,31,21,59.0483508995847,18.668793348797642,0.57537841796875,0.21630859375,0.3757093795912725,-4.9641138932137e-06
226,31,22,57.224028617481615,17.954297869930716,0.09157562255859375,0.295867919921875,2.419863370446281,3.779209230277685e-06
227,32,1,53.13238536174605,15.29343648386987,0.9073486328125,0.7999649047851562,0.38443319875250936,-5.4541579103027035e-06
228,32,3,56.68466196041124,14.72705990047316,0.42633056640625,0.64739990234375,2.4863001589209337,4.482176918946986e-06
229,32,4,58.993092589265885,19.77846980100591,0.753204345703125,0.3828125,0.6865049816277734,5.499217873543477e-06
230,32,6,60.64774398749098,21.572438371827477,0.591033935546875,0.424102783203125,-0.46291357048741316,3.568598321223247e-06
231,32,9,60.57570279744235,19.97737403008476,0.302032470703125,0.440521240234375,2.4088771930241517,-4.706585151580236e-06
232,32,21,58.806251220437304,18.591502539767966,0.600982666015625,0.29236602783203125,0.3323185926685743,-4.16193216101935e-06
233,32,22,57.33286960877715,18.062632416871267,0.16841888427734375,0.286773681640625,2.7644598645261302,3.781354696032295e-06
234,33,1,53.06195383008587,15.238202743555727,0.82672119140625,0.73760986328125,0.5105651979482404,-5.275367343472227e-06
235,33,3,56.66322403855666,14.755059488371755,0.7758769989013672,0.5082855224609375,0.7843287535665048,4.466362619792633e-06
236,33,4,59.074744145836426,19.765695227059666,0.57928466796875,0.38368988037109375,0.7053013562941873,6.959074371154769e-06
237,33,6,60.616765459970765,21.511694913777635,0.58599853515625,0.42718505859375,-0.44462656816122653,3.5642922969172383e-06
238,33,9,60.52144374818948,19.97182767291619,0.41497802734375,0.2917327880859375,0.6885262751946951,-4.234406568854013e-06
239,33,15,60.469460340329924,13.875087937196863,0.37908935546875,0.24204254150390625,0.6647983520326851,2.9228097002436992e-06
240,33,21,58.88280327116813,18.664900312470373,0.6246490478515625,0.265594482421875,0.36217596376143024,-4.337526389877936e-06
241,33,22,57.29679549358809,18.004988304258198,0.1194915771484375,0.26171875,2.8582603898309777,3.5722962434253915e-06
242,34,1,53.035102899207864,15.178476335718733,0.78472900390625,0.74365234375,0.4052161930159369,-5.174424130190681e-06
243,34,3,56.65844716702928,14.753592746260816,0.44317626953125,0.64447021484375,2.476717912540916,4.19245199913761e-06
244,34,4,59.10360193611141,19.814621439674713,0.7457122802734375,0.39739990234375,0.7387643062191959,5.899847603824205e-06
245,34,6,60.57296875434165,21.535648839623338,0.582794189453125,0.42822265625,-0.4702505152816075,3.533347867735341e-06
246,34,9,60.42420420978273,19.863717441252284,0.3775482177734375,0.23928070068359375,0.5785656307886086,-3.9329915136956295e-06
247,34,21,58.58192295657791,18.585801462066517,0.6441612243652344,0.282958984375,0.330573017449967,-3.590221059494754e-06
248,35,1,53.01762663776846,15.11554506009116,0.77777099609375,0.782562255859375,0.6703273520556617,-5.353136087894103e-06
249,35,3,56.57576967126394,14.834135907988228,0.7901153564453125,0.5539512634277344,0.7684243743291634,4.228243402879776e-06
250,35,4,59.04984589285594,19.782040155822322,0.34905242919921875,0.61358642578125,2.3741799706451165,7.076629819373277e-06
251,35,6,60.56634466271306,21.530452935592724,0.5651092529296875,0.43170166015625,-0.4341409212516807,3.5228533816665505e-06
252,35,9,60.36137208865358,19.868262180961832,0.44580078125,0.353668212890625,0.56193378538186,-3.510630880463044e-06
253,35,15,60.48889001218856,13.979844359675448,0.306060791015625,0.216094970703125,0.6111240034017321,2.9738228509757806e-06
254,35,21,58.820047804357294,18.691375925442518,0.5604286193847656,0.2399888038635254,0.33843026611328825,-4.488314432753762e-06
255,35,22,57.24825072745665,17.86677131298321,0.1024465560913086,0.33642578125,2.9250932174562307,4.00544599736774e-06
256,36,1,53.02731996989022,15.12294528391242,0.733612060546875,0.8161392211914062,2.682823024958924,-5.604354862406875e-06
257,36,3,56.53444543846179,14.936010865936534,0.58660888671875,0.5596389770507812,0.6762984230574773,4.279678525954028e-06
258,36,4,59.02030145671567,19.762028288404053,0.34735107421875,0.55987548828125,2.408255842984634,7.219686828631215e-06
259,36,6,60.525924429997254,21.528952127284562,0.494354248046875,0.408905029296875,-0.501088226924745,3.5556628697567884e-06
260,36,9,60.29005053912362,19.90513665289401,0.460052490234375,0.496002197265625,3.099602574086372,-3.2301703413185796e-06
261,36,21,58.86040897813246,18.755617708598177,0.567230224609375,0.2561187744140625,0.3529352625228238,-5.016464810525484e-06
262,36,22,57.18052677862442,17.74155816421546,0.088714599609375,0.227935791015625,3.1360127524840737,6.111903806691623e-06
263,37,1,52.972891848980616,15.008927648814245,0.7619924545288086,0.8232955932617188,2.774211299425196,-5.912746864223524e-06
264,37,3,56.42070285396466,14.986455741725349,0.686798095703125,0.5969009399414062,0.35120350251703286,4.0337550703788415e-06
265,37,4,58.954865078167785,19.745904407169558,0.3340606689453125,0.53924560546875,2.367258596185229,7.673300045515429e-06
266,37,6,60.46902930501654,21.50953661305437,0.5920333862304688,0.44091796875,-0.6344851563681119,3.5257658519420655e-06
267,37,9,60.28899319155975,19.89007306289423,0.5433349609375,0.5516204833984375,2.8169995335360714,-3.1796311781763974e-06
268,37,15,60.33963898868311,14.05131923751691,0.228729248046875,0.301055908203125,2.3863216757753394,3.009673259710984e-06
269,37,21,58.87615038805255,18.763994781138397,0.573394775390625,0.285614013671875,0.36944338694634693,-4.627914596275665e-06
270,38,1,52.959112251362406,14.989610671174098,0.759307861328125,0.89520263671875,2.7722511127518334,-6.077024549695882e-06
271,38,3,56.33660218461354,15.076132856910363,0.666839599609375,0.527435302734375,0.06260400956248498,4.098281401931976e-06
272,38,4,59.009940611059335,19.8398600234253,0.2536029815673828,0.37213134765625,2.5991542394197378,9.127551136661285e-06
273,38,6,60.28410590497827,21.717145032794722,0.3758392333984375,0.4598388671875,-2.8103153814979307,3.386072720279932e-06
274,38,9,60.27481568223891,19.741372568958127,0.517425537109375,0.3837928771972656,0.6735281077137573,-3.604922036216961e-06
275,38,15,60.46359668042713,14.091385798274397,0.305877685546875,0.24618911743164062,0.5750187053511187,2.966508768686891e-06
276,38,21,58.75866364683042,18.693816071465417,0.662261962890625,0.35207366943359375,0.4110419630716995,-4.69378819345647e-06
277,39,1,52.81634564857748,14.741692647360562,0.599395751953125,0.67486572265625,2.5604519005627004,-8.403500100095728e-06
278,39,3,56.282728125219016,15.228299340776731,0.811004638671875,0.6159210205078125,0.08960391899952366,3.827206915220569e-06
279,39,4,59.02181418406669,19.909527001181033,0.2244110107421875,0.326904296875,2.7480438079738394,8.19791652429125e-06
280,39,6,60.35374091309635,21.687874898751062,0.462890625,0.49671173095703125,-2.485314986993815,3.4911828540639345e-06
281,39,9,60.22095837806472,19.547918237857086,0.3684234619140625,0.2653045654296875,0.3848253315414855,-3.998141286046119e-06
282,39,21,58.63426060370208,18.49666508252387,0.537445068359375,0.42596435546875,0.6172610741158479,-3.875067452486576e-06
283,39,25,52.54226758297649,16.1882726083216,0.3040752410888672,0.09218597412109375,0.6458657144686918,4.107924636103975e-06
284,40,1,52.81332585426625,14.796914450462015,0.5391921997070312,0.7177085876464844,2.5256123874327345,-7.818531956696348e-06
285,40,3,56.00691100766201,15.220688700996153,0.6041259765625,0.370147705078125,0.13554727538984357,3.6097768651403025e-06
286,40,4,59.03987974322763,19.92198907478921,0.25402069091796875,0.34002685546875,2.7579359049006382,8.022735596229754e-06
287,40,6,60.220787438312954,21.639988145546706,0.46630859375,0.4925689697265625,-2.995676511423699,3.458391316334094e-06
288,40,9,60.232866270539596,19.557829639272864,0.40716552734375,0.3406982421875,0.3903509770132089,-3.949643031844734e-06
289,40,15,60.54732483628787,14.188407360448736,0.2823028564453125,0.249664306640625,0.34573069619026314,2.9492399496046033e-06
290,40,21,58.63016652777937,18.48402019994327,0.37677001953125,0.65838623046875,2.427169111590787,-4.272610323099086e-06
291,40,25,52.555394204452234,16.14321038170918,0.37024688720703125,0.12829017639160156,0.6095795748015199,4.9742708927434135e-06
292,40,29,59.85527722532427,18.413716511397908,0.2110137939453125,0.4308929443359375,2.5862907491742706,3.965295033966995e-06
293,41,1,52.71924481195902,14.689532195118293,0.69061279296875,0.5920867919921875,0.7456269775565474,-8.02887892466832e-06
294,41,3,56.10334722157832,15.31083469736689,0.78436279296875,0.5871047973632812,0.2575728092616541,3.6818058172731464e-06
295,41,4,59.08108469776146,19.949817918141704,0.27593994140625,0.3669090270996094,2.695172352911334,8.149793089291972e-06
296,41,6,60.44636995546344,21.51453743163231,0.498016357421875,0.3969306945800781,-0.3983816945461532,3.378792838049438e-06
297,41,9,60.18607425251882,19.503666935367203,0.33385467529296875,0.29156494140625,0.3749853306429571,-4.04642477691258e-06
298,41,15,60.57243675425382,14.428416227493168,0.36053466796875,0.26584625244140625,0.7395966553322487,2.744872206196137e-06
299,41,21,58.55580505376344,18.41067424037135,0.359405517578125,0.6656417846679688,2.509306905946321,-4.1678966580338965e-06
300,41,29,59.77506229393268,18.300029842381186,0.26580810546875,0.4835205078125,2.7762660561372097,3.823736338045432e-06
301,41,30,59.20784286732861,14.455130780391228,0.17153167724609375,0.4255523681640625,-2.9605675801506512,3.2246798841572657e-06
302,42,1,52.6304660579104,14.681747682439877,0.5637168884277344,0.47423553466796875,0.6326793866026952,-8.516649863433297e-06
303,42,3,55.899609382966105,15.314880651937097,0.71319580078125,0.49822998046875,0.4000720075633475,3.855037341049018e-06
304,42,4,59.08429342148364,19.96128526538274,0.268218994140625,0.33856213092803955,2.6165719537665626,8.802697168121364e-06
305,42,6,60.194012911508835,21.60662784879791,0.37267303466796875,0.441558837890625,3.137422790330912,3.3938625562640248e-06
306,42,9,60.22580128246392,19.535394998563987,0.37982177734375,0.42333984375,2.5706602778502927,-3.968394728408237e-06
307,42,15,60.48997723769674,14.302260532706546,0.3004150390625,0.274017333984375,-0.36273863909805626,3.107534673836483e-06
308,42,21,58.56754539132258,18.416848890325394,0.32940673828125,0.6517314910888672,2.5584194710698624,-4.339873178481291e-06
309,42,29,59.70311329674573,18.146831236312718,0.313751220703125,0.49957275390625,3.0502667017220446,4.082196102590018e-06
310,42,30,59.19619469265905,14.230399327235286,0.1411895751953125,0.293365478515625,-3.010624863555022,3.595954283066414e-06
311,42,31,61.83670066021027,19.85782379169065,0.09161376953125,0.18463897705078125,3.127144724129615,5.526774999962422e-06
312,43,1,52.62896753570108,14.729452120110006,0.509429931640625,0.4064779281616211,0.597885605717884,-8.114695392533421e-06
313,43,3,55.79051615576026,15.206838252895414,0.706390380859375,0.4318981170654297,0.6060142727281682,3.825682757769156e-06
314,43,4,58.97779745966759,19.906286355162134,0.34107208251953125,0.23876953125,0.37589995367530626,7.881513325623591e-06
315,43,6,60.12834966427104,21.623338610976344,0.320556640625,0.41168975830078125,3.048477412559536,3.3525798751495524e-06
316,43,9,60.32487714117362,19.752409638748386,0.5668258666992188,0.723846435546875,3.013256984034247,-3.2301458324218817e-06
317,43,15,60.60563602719607,14.397834251189302,0.301422119140625,0.27239990234375,-0.28494245737304347,2.7635181904553548e-06
318,43,21,58.602854447493364,18.486273894819334,0.41387939453125,0.734222412109375,2.5629206850039132,-4.219994828434291e-06
319,43,29,59.57658972540994,17.841462416449566,0.4311981201171875,0.58233642578125,3.0016236654086743,3.930363289692136e-06
320,43,30,59.17294577095843,14.24196185770243,0.152252197265625,0.29510498046875,-3.0957099141304854,3.89753809721331e-06
321,43,31,61.72967628865588,19.59390721595175,0.17401123046875,0.52081298828125,3.083335046659569,3.2507156743165836e-06
322,44,1,52.61291281808287,14.75951821431619,0.485992431640625,0.356475830078125,0.5039293402025465,-7.553070272961894e-06
323,44,3,55.613688206040685,15.21967122173075,0.42840576171875,0.2724609375,0.7529916128595877,4.328178704043898e-06
324,44,4,59.022743938349464,19.877720834593823,0.2918701171875,0.2093963623046875,0.5549350106067364,8.842784448125983e-06
325,44,6,60.11481068418537,21.542989707569998,0.31488037109375,0.400054931640625,3.0101562450519186,3.4110755921381094e-06
326,44,9,60.2927986278365,19.864990662056883,0.5492019653320312,0.793060302734375,3.0881434326641615,-3.0536228427314345e-06
327,44,15,60.49766166605719,14.324100266955071,0.2701435089111328,0.1938629150390625,-0.2870572004846672,3.2400600494245663e-06
328,44,21,58.740277748442956,18.751343025106472,0.344329833984375,0.5398101806640625,2.414355726424773,-4.805696552761002e-06
329,44,25,52.86740843802046,16.001237508592414,0.28497314453125,0.140167236328125,0.19672496106581233,7.985359563618553e-06
330,44,29,59.48915122574006,17.74250257920908,0.38006591796875,0.4011688232421875,-2.750900086896341,4.524369706981661e-06
331,45,1,52.58504650990907,14.74877695944489,0.5507850646972656,0.43902587890625,0.40795987677554735,-7.620168667317899e-06
332,45,3,55.616057764968424,15.16446456717383,0.30869293212890625,0.5122222900390625,2.4072065637931104,3.999014265902126e-06
333,45,4,59.05094829530472,19.864576529600065,0.311798095703125,0.2175445556640625,0.5682071590528778,8.81139234419573e-06
334,45,6,60.15692625185029,21.34284638267234,0.405242919921875,0.3110809326171875,0.15276818511247173,3.633182195002572e-06
335,45,9,60.17553261986877,20.076412313196023,0.429107666015625,0.76910400390625,3.1194937064924617,-3.092764632714329e-06
336,45,15,60.74432601698509,14.346272834457785,0.34442138671875,0.22833251953125,-0.3018496979356533,2.960700289617566e-06
337,45,21,58.689548773142064,18.831042218921635,0.31562042236328125,0.5167083740234375,2.3840520024155576,-4.669932153594253e-06
338,45,25,52.92674237414026,15.95033659983683,0.5116047859191895,0.20078277587890625,0.07641065514301505,7.315945364934407e-06
339,45,29,59.52615521235811,17.695352235870885,0.4291839599609375,0.3014676570892334,-0.15489095168843348,4.360660516421333e-06
340,45,30,59.173264076704434,14.152352783012292,0.12976837158203125,0.156494140625,2.777938320017149,3.838987211631102e-06
341,46,1,52.52332770694388,14.711953054197204,0.443450927734375,0.3631439208984375,0.33371988441206824,-7.341054458363628e-06
342,46,3,55.56228239311387,15.240717433743857,0.3043193817138672,0.49365234375,2.3646782735172174,4.097403770511867e-06
343,46,4,59.07590595572338,19.911835736077716,0.32415771484375,0.21722412109375,0.5277723659187267,8.82231508694303e-06
344,46,6,60.22577751152079,21.410617842632853,0.401275634765625,0.350494384765625,-0.17144465873960385,3.5145162794866868e-06
345,46,9,60.12127655727932,19.91690774737712,0.37701416015625,0.75811767578125,3.0413971639759745,-3.148912640101236e-06
346,46,15,60.53846562332311,14.461238529361754,0.279449462890625,0.16512298583984375,-0.3526676169106435,2.7639708879714054e-06
347,46,21,58.7720591720251,18.921331103410783,0.52862548828125,0.2778472900390625,0.6967781016392801,-4.8354597147181e-06
348,46,25,53.06893326737076,15.87239459919082,0.473236083984375,0.2216014862060547,-0.16880484104572033,7.499427267445087e-06
349,46,29,59.382895570720386,17.690818986517375,0.43280029296875,0.3665008544921875,0.5128428128288587,5.2382830510812965e-06
350,46,30,59.12028744222936,14.22658058996831,0.19146728515625,0.234222412109375,2.8548163004885962,4.223934357619639e-06
351,46,31,61.71025282705857,19.34635159688057,0.149261474609375,0.4188079833984375,-3.002189070515951,3.10266420724232e-06
352,47,1,52.50078630882105,14.679316362468123,0.49230194091796875,0.42474365234375,0.22350789748440922,-7.592938545238349e-06
353,47,3,55.496649830541536,15.224811593256062,0.237030029296875,0.4211430549621582,2.5338474514627203,3.947394590958053e-06
354,47,4,59.10110625325412,20.018461864003662,0.3324737548828125,0.254364013671875,0.4810096829516336,7.752491939848645e-06
355,47,6,60.26142606015552,21.57024469350232,0.3234214782714844,0.39556884765625,-2.6315764210743864,3.2173159009100058e-06
356,47,9,60.07087373915633,19.65837531979197,0.2781219482421875,0.545745849609375,2.9352862535176287,-3.4480070161947006e-06
357,47,15,60.81732630403579,14.343890995413101,0.35157012939453125,0.20404052734375,-0.3751449852426998,3.0809771260475593e-06
358,47,21,58.742500095684036,18.863657462852327,0.71380615234375,0.34429931640625,0.7189028235446028,-4.129692290305003e-06
359,47,25,53.20430011673426,15.779620418410211,0.4084434509277344,0.17153167724609375,-0.3713029093816643,7.641636784465188e-06
360,47,29,59.347954422554366,17.7170239716767,0.5135345458984375,0.3833770751953125,0.1702903529235438,5.960951519945145e-06
361,47,30,59.158160090795995,14.162584549623196,0.228179931640625,0.1912384033203125,0.6687457771730153,4.0303105511375175e-06
362,47,31,61.65846665746086,19.587668511388287,0.157196044921875,0.45684814453125,-2.8336444510710694,3.3777239487200906e-06
363,48,1,52.48602659806633,14.584655341222081,0.4302406311035156,0.37004852294921875,0.19956278881711273,-7.5933588005488135e-06
364,48,3,55.595954497661495,15.424716846103825,0.419281005859375,0.5896987915039062,2.403001940102188,3.805038446350929e-06
365,48,4,59.19094223717174,20.09660458263762,0.2478179931640625,0.220306396484375,0.7601354019579605,8.580330525947763e-06
366,48,6,60.1647956914549,21.632779011685983,0.193756103515625,0.32757568359375,-2.8544412715837235,3.1349284978206815e-06
367,48,9,59.88929742735096,19.27815270627612,0.1986083984375,0.25018310546875,2.382655516724312,-5.972611432862645e-06
368,48,15,60.91063047454615,14.41833721005043,0.26934814453125,0.147247314453125,-0.2353584290005623,2.7752760935199735e-06
369,48,21,58.563080945619035,18.624444719777806,0.2707061767578125,0.706878662109375,2.498202360447178,-3.177156939414762e-06
370,48,25,53.27014015700183,15.710942901776942,0.37445068359375,0.159210205078125,-0.49606324222107545,7.363937486111199e-06
371,48,29,59.292459735915216,17.756775403581486,0.55328369140625,0.4211578369140625,0.35585514184026806,5.956289456970225e-06
372,48,30,59.19396626056996,14.212845947715916,0.3045806884765625,0.2205047607421875,0.47666645875849056,4.540736262480202e-06
373,48,31,61.58853821456293,19.760921042391253,0.18378448486328125,0.48101806640625,-2.6774547429759328,3.489127802326647e-06
374,49,1,52.44869643167602,14.480960983750704,0.381072998046875,0.302886962890625,0.1914350333407255,-7.2963711537699445e-06
375,49,3,55.48984771334013,15.531538589410324,0.3661041259765625,0.50372314453125,2.5049964228460704,4.046094596868536e-06
376,49,4,59.200725065634714,20.140608639528494,0.21205520629882812,0.1807861328125,0.4647880990665591,7.473955497785345e-06
377,49,9,59.7963023759285,19.190072988823914,0.24383544921875,0.18830108642578125,0.3549876230003086,-5.518327649810208e-06
378,49,15,60.58144300003686,14.486370185432527,0.2699432373046875,0.1221160888671875,-0.46222927298762656,2.9523861662157506e-06
379,49,21,58.61942420893529,18.69615709806969,0.32935333251953125,0.79815673828125,2.4823670273154055,-3.4682396386427016e-06
380,49,25,53.29305467680728,15.638436922915625,0.438873291015625,0.1482410430908203,-0.5633158802168904,6.032544253542114e-06
381,49,29,59.262475325146106,17.8800284669583,0.602203369140625,0.58868408203125,0.4651118781523886,4.99351107189193e-06
382,49,30,59.04251895330719,14.161901344389864,0.120697021484375,0.2239990234375,2.461837372455701,4.371240787959452e-06
383,49,31,61.419547986794036,19.973188448521967,0.3084716796875,0.60894775390625,-2.764110227481859,3.633387155591829e-06
